{"cameraMode":{"drawMode":0,"name":"Shaded","section":"Shading Mode"},"sceneLighting":false,"audioPlay":false,"sceneViewState":{"showFog":true,"showMaterialUpdate":true,"showSkybox":false,"showFlares":true,"showImageEffects":true,"showParticleSystems":true},"in2DMode":false,"pivot":{"x":0.0,"y":0.14575830101966859,"z":0.008059151470661164},"rotation":{"x":0.3042854368686676,"y":0.6755889058113098,"z":-0.3644464313983917,"w":0.5640923380851746},"size":0.986357569694519,"orthographic":true}