{"cameraMode":{"drawMode":0,"name":"Shaded","section":"Shading Mode"},"sceneLighting":false,"audioPlay":false,"sceneViewState":{"showFog":true,"showMaterialUpdate":true,"showSkybox":false,"showFlares":true,"showImageEffects":true,"showParticleSystems":true},"in2DMode":false,"pivot":{"x":1.7621384859085084,"y":4.443630218505859,"z":-20.59597396850586},"rotation":{"x":0.24704387784004212,"y":0.6852447390556336,"z":-0.2685260474681854,"w":0.6303389668464661},"size":2.0598862171173097,"orthographic":true}