{"cameraMode":{"drawMode":0,"name":"Shaded","section":"Shading Mode"},"sceneLighting":false,"audioPlay":false,"sceneViewState":{"showFog":true,"showMaterialUpdate":true,"showSkybox":false,"showFlares":true,"showImageEffects":true,"showParticleSystems":true},"in2DMode":false,"pivot":{"x":-0.45489025115966799,"y":1.3867712020874024,"z":-19.945314407348634},"rotation":{"x":0.2124309092760086,"y":-0.6816579103469849,"z":0.21761150658130647,"w":0.6654947996139526},"size":2.6411778926849367,"orthographic":true}