{"cameraMode":{"drawMode":0,"name":"Shaded","section":"Shading Mode"},"sceneLighting":false,"audioPlay":false,"sceneViewState":{"showFog":true,"showMaterialUpdate":true,"showSkybox":false,"showFlares":true,"showImageEffects":true,"showParticleSystems":true},"in2DMode":false,"pivot":{"x":-1.2697607278823853,"y":1.0844875574111939,"z":0.16803810000419618},"rotation":{"x":-0.09228677302598953,"y":-0.4975772500038147,"z":0.053345195949077609,"w":-0.8608469367027283},"size":4.598489761352539,"orthographic":false}