{"cameraMode":{"drawMode":0,"name":"Shaded","section":"Shading Mode"},"sceneLighting":false,"audioPlay":false,"sceneViewState":{"showFog":true,"showMaterialUpdate":true,"showSkybox":false,"showFlares":true,"showImageEffects":true,"showParticleSystems":true},"in2DMode":false,"pivot":{"x":-1.287467122077942,"y":4.151453018188477,"z":-16.325342178344728},"rotation":{"x":-0.15327243506908418,"y":0.8416852951049805,"z":-0.4128267168998718,"w":-0.3124954402446747},"size":2.7182466983795168,"orthographic":false}