{"cameraMode":{"drawMode":0,"name":"Shaded","section":"Shading Mode"},"sceneLighting":false,"audioPlay":false,"sceneViewState":{"showFog":true,"showMaterialUpdate":true,"showSkybox":false,"showFlares":true,"showImageEffects":true,"showParticleSystems":true},"in2DMode":false,"pivot":{"x":0.05503731966018677,"y":1.0509943962097169,"z":-18.108047485351564},"rotation":{"x":-0.08553680777549744,"y":0.8909072875976563,"z":-0.4042832553386688,"w":-0.18849310278892518},"size":2.6636321544647219,"orthographic":false}