{"cameraMode":{"drawMode":0,"name":"Shaded","section":"Shading Mode"},"sceneLighting":false,"audioPlay":false,"sceneViewState":{"showFog":true,"showMaterialUpdate":true,"showSkybox":false,"showFlares":true,"showImageEffects":true,"showParticleSystems":true},"in2DMode":false,"pivot":{"x":0.2130121886730194,"y":0.5070621371269226,"z":-0.026927225291728975},"rotation":{"x":-0.1639600247144699,"y":0.8269438743591309,"z":-0.3070220947265625,"w":-0.44161292910575869},"size":2.700057029724121,"orthographic":false}