{"cameraMode":{"drawMode":0,"name":"Shaded","section":"Shading Mode"},"sceneLighting":false,"audioPlay":false,"sceneViewState":{"showFog":true,"showMaterialUpdate":true,"showSkybox":false,"showFlares":true,"showImageEffects":true,"showParticleSystems":true},"in2DMode":false,"pivot":{"x":4.042603969573975,"y":1.3944692611694337,"z":-14.910335540771485},"rotation":{"x":0.04995540902018547,"y":0.6973036527633667,"z":-0.04880904033780098,"w":0.7133812308311462},"size":1.8297383785247803,"orthographic":true}