{"cameraMode":{"drawMode":0,"name":"Shaded","section":"Shading Mode"},"sceneLighting":false,"audioPlay":false,"sceneViewState":{"showFog":true,"showMaterialUpdate":true,"showSkybox":false,"showFlares":true,"showImageEffects":true,"showParticleSystems":true},"in2DMode":false,"pivot":{"x":3.8499999046325685,"y":1.383195400238037,"z":-16.1227970123291},"rotation":{"x":0.05917273089289665,"y":0.9123804569244385,"z":-0.37920233607292178,"w":0.14237172901630402},"size":1.4769635200500489,"orthographic":true}