{"cameraMode":{"drawMode":0,"name":"Shaded","section":"Shading Mode"},"sceneLighting":false,"audioPlay":false,"sceneViewState":{"showFog":true,"showMaterialUpdate":true,"showSkybox":false,"showFlares":true,"showImageEffects":true,"showParticleSystems":true},"in2DMode":false,"pivot":{"x":-0.0259495098143816,"y":0.10639682412147522,"z":0.03485725820064545},"rotation":{"x":0.4859811067581177,"y":-0.21172912418842317,"z":0.12266230583190918,"w":0.8390399217605591},"size":0.7670810222625732,"orthographic":true}