{"cameraMode":{"drawMode":0,"name":"Shaded","section":"Shading Mode"},"sceneLighting":false,"audioPlay":false,"sceneViewState":{"showFog":true,"showMaterialUpdate":true,"showSkybox":false,"showFlares":true,"showImageEffects":true,"showParticleSystems":true},"in2DMode":false,"pivot":{"x":3.1939988136291506,"y":0.6643544435501099,"z":-14.792998313903809},"rotation":{"x":0.0062774899415671829,"y":0.7171966433525086,"z":-0.006448002066463232,"w":0.6968291401863098},"size":0.5803791284561157,"orthographic":true}