{"cameraMode":{"drawMode":0,"name":"Shaded","section":"Shading Mode"},"sceneLighting":false,"audioPlay":false,"sceneViewState":{"showFog":true,"showMaterialUpdate":true,"showSkybox":false,"showFlares":true,"showImageEffects":true,"showParticleSystems":true},"in2DMode":false,"pivot":{"x":-6.221567630767822,"y":1.3867712020874024,"z":-22.857070922851564},"rotation":{"x":0.02486363798379898,"y":0.7697064280509949,"z":-0.6372097730636597,"w":0.030034003779292108},"size":2.296938419342041,"orthographic":false}