{"cameraMode":{"drawMode":0,"name":"Shaded","section":"Shading Mode"},"sceneLighting":false,"audioPlay":false,"sceneViewState":{"showFog":true,"showMaterialUpdate":true,"showSkybox":false,"showFlares":true,"showImageEffects":true,"showParticleSystems":true},"in2DMode":false,"pivot":{"x":4.0269999504089359,"y":1.7879999876022339,"z":-21.268545150756837},"rotation":{"x":0.01106040459126234,"y":0.6753949522972107,"z":-0.010131686925888062,"w":0.7373055219650269},"size":0.24569745361804963,"orthographic":true}