{"cameraMode":{"drawMode":0,"name":"Shaded","section":"Shading Mode"},"sceneLighting":false,"audioPlay":false,"sceneViewState":{"showFog":true,"showMaterialUpdate":true,"showSkybox":false,"showFlares":true,"showImageEffects":true,"showParticleSystems":true},"in2DMode":false,"pivot":{"x":3.1949071884155275,"y":1.2102761268615723,"z":-14.378199577331543},"rotation":{"x":0.17382365465164185,"y":0.5562294721603394,"z":-0.12030165642499924,"w":0.8036937713623047},"size":1.0359764099121094,"orthographic":true}