{"cameraMode":{"drawMode":0,"name":"Shaded","section":"Shading Mode"},"sceneLighting":false,"audioPlay":false,"sceneViewState":{"showFog":true,"showMaterialUpdate":true,"showSkybox":false,"showFlares":true,"showImageEffects":true,"showParticleSystems":true},"in2DMode":false,"pivot":{"x":-4.125,"y":2.372844934463501,"z":-12.385272979736329},"rotation":{"x":0.4146152138710022,"y":-0.09255480766296387,"z":0.042446885257959369,"w":0.904293417930603},"size":2.8716931343078615,"orthographic":true}