{"cameraMode":{"drawMode":0,"name":"Shaded","section":"Shading Mode"},"sceneLighting":false,"audioPlay":false,"sceneViewState":{"showFog":true,"showMaterialUpdate":true,"showSkybox":false,"showFlares":true,"showImageEffects":true,"showParticleSystems":true},"in2DMode":false,"pivot":{"x":-3.820056676864624,"y":1.383195400238037,"z":-18.64946746826172},"rotation":{"x":0.6521003842353821,"y":-0.007959853857755661,"z":0.006847390439361334,"w":0.758060872554779},"size":5.76887321472168,"orthographic":true}