{"cameraMode":{"drawMode":0,"name":"Shaded","section":"Shading Mode"},"sceneLighting":false,"audioPlay":false,"sceneViewState":{"showFog":true,"showMaterialUpdate":true,"showSkybox":false,"showFlares":true,"showImageEffects":true,"showParticleSystems":true},"in2DMode":false,"pivot":{"x":-3.296658515930176,"y":1.5907278060913087,"z":-13.893133163452149},"rotation":{"x":-0.25234130024909975,"y":0.7263143658638,"z":-0.33750808238983157,"w":-0.5430335998535156},"size":3.1849286556243898,"orthographic":false}