{"cameraMode":{"drawMode":0,"name":"Shaded","section":"Shading Mode"},"sceneLighting":false,"audioPlay":false,"sceneViewState":{"showFog":true,"showMaterialUpdate":true,"showSkybox":false,"showFlares":true,"showImageEffects":true,"showParticleSystems":true},"in2DMode":false,"pivot":{"x":3.221390724182129,"y":1.8971107006072999,"z":-11.486326217651368},"rotation":{"x":-0.3398379981517792,"y":0.2025684118270874,"z":-0.07520775496959686,"w":-0.915328323841095},"size":3.642671585083008,"orthographic":false}