{"cameraMode":{"drawMode":0,"name":"Shaded","section":"Shading Mode"},"sceneLighting":true,"audioPlay":false,"sceneViewState":{"showFog":true,"showMaterialUpdate":true,"showSkybox":true,"showFlares":true,"showImageEffects":true,"showParticleSystems":true},"in2DMode":false,"pivot":{"x":-1.504480004310608,"y":1.5595033168792725,"z":-24.32779312133789},"rotation":{"x":0.17410939931869508,"y":0.46819695830345156,"z":-0.09466353803873062,"w":0.8611168265342712},"size":0.61211097240448,"orthographic":true}