{"cameraMode":{"drawMode":0,"name":"Shaded","section":"Shading Mode"},"sceneLighting":false,"audioPlay":false,"sceneViewState":{"showFog":true,"showMaterialUpdate":true,"showSkybox":false,"showFlares":true,"showImageEffects":true,"showParticleSystems":true},"in2DMode":false,"pivot":{"x":-0.12306573241949082,"y":0.0355696976184845,"z":0.15943849086761475},"rotation":{"x":0.12780740857124329,"y":0.18657749891281129,"z":-0.024483365938067437,"w":0.9738014936447144},"size":0.5072616338729858,"orthographic":true}