{"cameraMode":{"drawMode":0,"name":"Shaded","section":"Shading Mode"},"sceneLighting":false,"audioPlay":false,"sceneViewState":{"showFog":true,"showMaterialUpdate":true,"showSkybox":false,"showFlares":true,"showImageEffects":true,"showParticleSystems":true},"in2DMode":false,"pivot":{"x":0.0,"y":2.980232238769531e-7,"z":0.011500013992190361},"rotation":{"x":0.025444766506552697,"y":0.9576033353805542,"z":-0.08931279927492142,"w":0.27276718616485598},"size":2.089789628982544,"orthographic":true}