{"cameraMode":{"drawMode":0,"name":"Shaded","section":"Shading Mode"},"sceneLighting":false,"audioPlay":false,"sceneViewState":{"showFog":true,"showMaterialUpdate":true,"showSkybox":false,"showFlares":true,"showImageEffects":true,"showParticleSystems":true},"in2DMode":false,"pivot":{"x":-3.038846969604492,"y":1.2876129150390626,"z":-13.497172355651856},"rotation":{"x":-0.25234130024909975,"y":0.7263143658638,"z":-0.33750808238983157,"w":-0.5430335998535156},"size":2.8849287033081056,"orthographic":false}