{"cameraMode":{"drawMode":0,"name":"Shaded","section":"Shading Mode"},"sceneLighting":false,"audioPlay":false,"sceneViewState":{"showFog":true,"showMaterialUpdate":true,"showSkybox":false,"showFlares":true,"showImageEffects":true,"showParticleSystems":true},"in2DMode":false,"pivot":{"x":-7.648959159851074,"y":1.0323351621627808,"z":-16.313892364501954},"rotation":{"x":0.02486363798379898,"y":0.7697064280509949,"z":-0.6372097730636597,"w":0.030034003779292108},"size":3.5522541999816896,"orthographic":false}