{"cameraMode":{"drawMode":0,"name":"Shaded","section":"Shading Mode"},"sceneLighting":false,"audioPlay":false,"sceneViewState":{"showFog":true,"showMaterialUpdate":true,"showSkybox":false,"showFlares":true,"showImageEffects":true,"showParticleSystems":true},"in2DMode":false,"pivot":{"x":0.1908983290195465,"y":-0.22435951232910157,"z":-0.21812653541564942},"rotation":{"x":-0.0006718921940773726,"y":0.8962354063987732,"z":-0.001340704271569848,"w":-0.44359442591667178},"size":1.556990623474121,"orthographic":true}