{"cameraMode":{"drawMode":0,"name":"Shaded","section":"Shading Mode"},"sceneLighting":false,"audioPlay":false,"sceneViewState":{"showFog":true,"showMaterialUpdate":true,"showSkybox":false,"showFlares":true,"showImageEffects":true,"showParticleSystems":true},"in2DMode":false,"pivot":{"x":3.4787731170654299,"y":0.8802024722099304,"z":-21.034439086914064},"rotation":{"x":0.4313898980617523,"y":0.5353052616119385,"z":-0.36928391456604006,"w":0.6253059506416321},"size":2.365478277206421,"orthographic":true}