{"cameraMode":{"drawMode":0,"name":"Shaded","section":"Shading Mode"},"sceneLighting":false,"audioPlay":false,"sceneViewState":{"showFog":true,"showMaterialUpdate":true,"showSkybox":false,"showFlares":true,"showImageEffects":true,"showParticleSystems":true},"in2DMode":false,"pivot":{"x":0.53765469789505,"y":0.9691492319107056,"z":-18.144390106201173},"rotation":{"x":-0.029989227652549745,"y":0.8983067870140076,"z":-0.43393152952194216,"w":-0.0620814673602581},"size":2.6636321544647219,"orthographic":false}