{"cameraMode":{"drawMode":0,"name":"Shaded","section":"Shading Mode"},"sceneLighting":false,"audioPlay":false,"sceneViewState":{"showFog":true,"showMaterialUpdate":true,"showSkybox":false,"showFlares":true,"showImageEffects":true,"showParticleSystems":true},"in2DMode":false,"pivot":{"x":3.194000005722046,"y":0.6620000004768372,"z":-14.793655395507813},"rotation":{"x":0.019245784729719163,"y":0.7375074625015259,"z":-0.02101433463394642,"w":0.6747568249702454},"size":0.2948363423347473,"orthographic":true}