{"cameraMode":{"drawMode":0,"name":"Shaded","section":"Shading Mode"},"sceneLighting":false,"audioPlay":false,"sceneViewState":{"showFog":true,"showMaterialUpdate":true,"showSkybox":false,"showFlares":true,"showImageEffects":true,"showParticleSystems":true},"in2DMode":false,"pivot":{"x":-3.8499996662139894,"y":4.413195610046387,"z":-23.110002517700197},"rotation":{"x":0.5019707083702087,"y":0.007784086279571056,"z":-0.004517488647252321,"w":0.8648415803909302},"size":1.9905915260314942,"orthographic":true}