{"cameraMode":{"drawMode":0,"name":"Shaded","section":"Shading Mode"},"sceneLighting":false,"audioPlay":false,"sceneViewState":{"showFog":true,"showMaterialUpdate":true,"showSkybox":false,"showFlares":true,"showImageEffects":true,"showParticleSystems":true},"in2DMode":false,"pivot":{"x":-2.980232238769531e-7,"y":0.016624031588435174,"z":0.0},"rotation":{"x":0.2444315254688263,"y":0.7213248014450073,"z":-0.3097464144229889,"w":0.5692378878593445},"size":0.9388028383255005,"orthographic":true}