{"cameraMode":{"drawMode":0,"name":"Shaded","section":"Shading Mode"},"sceneLighting":false,"audioPlay":false,"sceneViewState":{"showFog":true,"showMaterialUpdate":true,"showSkybox":false,"showFlares":true,"showImageEffects":true,"showParticleSystems":true},"in2DMode":false,"pivot":{"x":0.027752161026000978,"y":-0.03940021991729736,"z":0.10446465015411377},"rotation":{"x":0.1775534301996231,"y":0.0014761661877855659,"z":-0.0002663303748704493,"w":0.9841099977493286},"size":1.7845603227615357,"orthographic":true}