{"cameraMode":{"drawMode":0,"name":"Shaded","section":"Shading Mode"},"sceneLighting":false,"audioPlay":false,"sceneViewState":{"showFog":true,"showMaterialUpdate":true,"showSkybox":false,"showFlares":true,"showImageEffects":true,"showParticleSystems":true},"in2DMode":false,"pivot":{"x":3.9133317470550539,"y":1.2614742517471314,"z":-21.57335662841797},"rotation":{"x":0.27053600549697878,"y":0.635972261428833,"z":-0.25430092215538027,"w":0.6765335202217102},"size":2.610985279083252,"orthographic":true}