{"cameraMode":{"drawMode":0,"name":"Shaded","section":"Shading Mode"},"sceneLighting":false,"audioPlay":false,"sceneViewState":{"showFog":true,"showMaterialUpdate":true,"showSkybox":false,"showFlares":true,"showImageEffects":true,"showParticleSystems":true},"in2DMode":false,"pivot":{"x":0.0,"y":0.14575830101966859,"z":0.008059151470661164},"rotation":{"x":0.0451619029045105,"y":0.9520447850227356,"z":-0.17324168980121613,"w":0.2481684535741806},"size":2.259298801422119,"orthographic":true}