{"cameraMode":{"drawMode":0,"name":"Shaded","section":"Shading Mode"},"sceneLighting":false,"audioPlay":false,"sceneViewState":{"showFog":true,"showMaterialUpdate":true,"showSkybox":false,"showFlares":true,"showImageEffects":true,"showParticleSystems":true},"in2DMode":false,"pivot":{"x":-0.8171120285987854,"y":1.3628935813903809,"z":-23.17194366455078},"rotation":{"x":0.35863539576530459,"y":-0.6117609739303589,"z":0.3629901111125946,"w":0.604475200176239},"size":2.408789873123169,"orthographic":true}