{"cameraMode":{"drawMode":0,"name":"Shaded","section":"Shading Mode"},"sceneLighting":false,"audioPlay":false,"sceneViewState":{"showFog":true,"showMaterialUpdate":true,"showSkybox":false,"showFlares":true,"showImageEffects":true,"showParticleSystems":true},"in2DMode":false,"pivot":{"x":-1.6104726791381837,"y":1.5552586317062379,"z":-22.10177993774414},"rotation":{"x":0.0342293418943882,"y":-0.9276753067970276,"z":0.08793193846940994,"w":0.3613036870956421},"size":0.6444717049598694,"orthographic":true}