{"cameraMode":{"drawMode":0,"name":"Shaded","section":"Shading Mode"},"sceneLighting":false,"audioPlay":false,"sceneViewState":{"showFog":true,"showMaterialUpdate":true,"showSkybox":false,"showFlares":true,"showImageEffects":true,"showParticleSystems":true},"in2DMode":false,"pivot":{"x":5.206798553466797,"y":4.413195610046387,"z":-13.954000473022461},"rotation":{"x":0.5677976012229919,"y":0.012352417223155499,"z":-0.008509617298841477,"w":0.82304447889328},"size":3.061544418334961,"orthographic":true}