{"cameraMode":{"drawMode":0,"name":"Shaded","section":"Shading Mode"},"sceneLighting":false,"audioPlay":false,"sceneViewState":{"showFog":true,"showMaterialUpdate":true,"showSkybox":false,"showFlares":true,"showImageEffects":true,"showParticleSystems":true},"in2DMode":false,"pivot":{"x":1.7621384859085084,"y":4.443630218505859,"z":-20.59597396850586},"rotation":{"x":0.5769647359848023,"y":-0.40029117465019228,"z":0.5981444120407105,"w":0.3861667215824127},"size":2.0598862171173097,"orthographic":true}