{"cameraMode":{"drawMode":0,"name":"Shaded","section":"Shading Mode"},"sceneLighting":false,"audioPlay":false,"sceneViewState":{"showFog":true,"showMaterialUpdate":true,"showSkybox":false,"showFlares":true,"showImageEffects":true,"showParticleSystems":true},"in2DMode":false,"pivot":{"x":4.144038200378418,"y":1.3589779138565064,"z":-20.9808349609375},"rotation":{"x":0.020352674648165704,"y":0.8908942937850952,"z":-0.4519835412502289,"w":0.04011759161949158},"size":4.2267842292785648,"orthographic":false}