{"cameraMode":{"drawMode":0,"name":"Shaded","section":"Shading Mode"},"sceneLighting":false,"audioPlay":false,"sceneViewState":{"showFog":true,"showMaterialUpdate":true,"showSkybox":false,"showFlares":true,"showImageEffects":true,"showParticleSystems":true},"in2DMode":false,"pivot":{"x":0.0,"y":2.980232238769531e-7,"z":0.011500013992190361},"rotation":{"x":0.017462341114878656,"y":0.938338577747345,"z":-0.04789363220334053,"w":0.341982901096344},"size":1.5853415727615357,"orthographic":true}