{"cameraMode":{"drawMode":0,"name":"Shaded","section":"Shading Mode"},"sceneLighting":true,"audioPlay":false,"sceneViewState":{"showFog":true,"showMaterialUpdate":true,"showSkybox":true,"showFlares":true,"showImageEffects":true,"showParticleSystems":true},"in2DMode":false,"pivot":{"x":3.1460185050964357,"y":0.4241088628768921,"z":-15.429034233093262},"rotation":{"x":-0.3278045058250427,"y":-0.6250745058059692,"z":0.3256811499595642,"w":-0.6292435526847839},"size":1.632928490638733,"orthographic":true}