{"cameraMode":{"drawMode":0,"name":"Shaded","section":"Shading Mode"},"sceneLighting":false,"audioPlay":false,"sceneViewState":{"showFog":true,"showMaterialUpdate":true,"showSkybox":false,"showFlares":true,"showImageEffects":true,"showParticleSystems":true},"in2DMode":false,"pivot":{"x":-0.4107455909252167,"y":1.2928316593170167,"z":-23.300796508789064},"rotation":{"x":0.02486363798379898,"y":0.7697064280509949,"z":-0.6372097730636597,"w":0.030034003779292108},"size":2.175349473953247,"orthographic":false}