{"cameraMode":{"drawMode":0,"name":"Shaded","section":"Shading Mode"},"sceneLighting":false,"audioPlay":false,"sceneViewState":{"showFog":true,"showMaterialUpdate":true,"showSkybox":false,"showFlares":true,"showImageEffects":true,"showParticleSystems":true},"in2DMode":false,"pivot":{"x":5.206798553466797,"y":4.413195610046387,"z":-13.954000473022461},"rotation":{"x":0.4146152138710022,"y":-0.09255480766296387,"z":0.042446885257959369,"w":0.904293417930603},"size":3.3568646907806398,"orthographic":true}