{"cameraMode":{"drawMode":0,"name":"Shaded","section":"Shading Mode"},"sceneLighting":false,"audioPlay":false,"sceneViewState":{"showFog":true,"showMaterialUpdate":true,"showSkybox":false,"showFlares":true,"showImageEffects":true,"showParticleSystems":true},"in2DMode":false,"pivot":{"x":3.178999900817871,"y":2.3375000953674318,"z":-14.553000450134278},"rotation":{"x":0.04995540902018547,"y":0.6973036527633667,"z":-0.04880904033780098,"w":0.7133812308311462},"size":0.6385497450828552,"orthographic":true}