{"cameraMode":{"drawMode":0,"name":"Shaded","section":"Shading Mode"},"sceneLighting":false,"audioPlay":false,"sceneViewState":{"showFog":true,"showMaterialUpdate":true,"showSkybox":false,"showFlares":true,"showImageEffects":true,"showParticleSystems":true},"in2DMode":false,"pivot":{"x":2.9852216243743898,"y":1.166015386581421,"z":-13.77430534362793},"rotation":{"x":-0.29857051372528078,"y":0.6942407488822937,"z":-0.5190542936325073,"w":-0.3993416726589203},"size":5.142672061920166,"orthographic":false}