{"cameraMode":{"drawMode":0,"name":"Shaded","section":"Shading Mode"},"sceneLighting":false,"audioPlay":false,"sceneViewState":{"showFog":true,"showMaterialUpdate":true,"showSkybox":false,"showFlares":true,"showImageEffects":true,"showParticleSystems":true},"in2DMode":false,"pivot":{"x":-4.125,"y":2.372844934463501,"z":-12.385272979736329},"rotation":{"x":0.6137637495994568,"y":0.011848135851323605,"z":-0.009198641404509545,"w":0.7893615365028381},"size":2.8716931343078615,"orthographic":true}