{"cameraMode":{"drawMode":0,"name":"Shaded","section":"Shading Mode"},"sceneLighting":false,"audioPlay":false,"sceneViewState":{"showFog":true,"showMaterialUpdate":true,"showSkybox":false,"showFlares":true,"showImageEffects":true,"showParticleSystems":true},"in2DMode":false,"pivot":{"x":-0.941709041595459,"y":4.364469051361084,"z":-19.857498168945314},"rotation":{"x":0.23861366510391236,"y":-0.4914410710334778,"z":0.14205871522426606,"w":0.8254545331001282},"size":6.630653381347656,"orthographic":true}