{"cameraMode":{"drawMode":0,"name":"Shaded","section":"Shading Mode"},"sceneLighting":false,"audioPlay":false,"sceneViewState":{"showFog":true,"showMaterialUpdate":true,"showSkybox":false,"showFlares":true,"showImageEffects":true,"showParticleSystems":true},"in2DMode":false,"pivot":{"x":3.1949071884155275,"y":1.2102761268615723,"z":-14.378199577331543},"rotation":{"x":0.1909119039773941,"y":0.5044324994087219,"z":-0.11545206606388092,"w":0.834129810333252},"size":1.2454789876937867,"orthographic":true}