{"cameraMode":{"drawMode":0,"name":"Shaded","section":"Shading Mode"},"sceneLighting":false,"audioPlay":false,"sceneViewState":{"showFog":true,"showMaterialUpdate":true,"showSkybox":false,"showFlares":true,"showImageEffects":true,"showParticleSystems":true},"in2DMode":false,"pivot":{"x":4.316562175750732,"y":4.731821060180664,"z":-20.1851749420166},"rotation":{"x":0.20979073643684388,"y":-0.03519020974636078,"z":0.007555731106549501,"w":0.9770836234092712},"size":3.783973217010498,"orthographic":true}