{"cameraMode":{"drawMode":0,"name":"Shaded","section":"Shading Mode"},"sceneLighting":true,"audioPlay":false,"sceneViewState":{"showFog":true,"showMaterialUpdate":true,"showSkybox":true,"showFlares":true,"showImageEffects":true,"showParticleSystems":true},"in2DMode":false,"pivot":{"x":223.35922241210938,"y":712.5809326171875,"z":-51.46770477294922},"rotation":{"x":0.2078632265329361,"y":0.008803312666714192,"z":-0.0018707438139244915,"w":0.9781178832054138},"size":733.8636474609375,"orthographic":true}