{"cameraMode":{"drawMode":0,"name":"Shaded","section":"Shading Mode"},"sceneLighting":false,"audioPlay":false,"sceneViewState":{"showFog":true,"showMaterialUpdate":true,"showSkybox":false,"showFlares":true,"showImageEffects":true,"showParticleSystems":true},"in2DMode":false,"pivot":{"x":-3.820056676864624,"y":1.383195400238037,"z":-18.64946746826172},"rotation":{"x":0.39795151352882388,"y":0.29523447155952456,"z":-0.13697504997253419,"w":0.8577362895011902},"size":3.3199498653411867,"orthographic":true}