{"cameraMode":{"drawMode":0,"name":"Shaded","section":"Shading Mode"},"sceneLighting":false,"audioPlay":false,"sceneViewState":{"showFog":true,"showMaterialUpdate":true,"showSkybox":false,"showFlares":true,"showImageEffects":true,"showParticleSystems":true},"in2DMode":false,"pivot":{"x":-2.980232238769531e-7,"y":0.016624031588435174,"z":0.0},"rotation":{"x":0.3199629783630371,"y":0.6513844728469849,"z":-0.35290244221687319,"w":0.590602695941925},"size":0.9388028383255005,"orthographic":true}