{"cameraMode":{"drawMode":0,"name":"Shaded","section":"Shading Mode"},"sceneLighting":false,"audioPlay":false,"sceneViewState":{"showFog":true,"showMaterialUpdate":true,"showSkybox":false,"showFlares":true,"showImageEffects":true,"showParticleSystems":true},"in2DMode":false,"pivot":{"x":-1.589349389076233,"y":0.973118782043457,"z":-24.669017791748048},"rotation":{"x":0.4614226520061493,"y":0.09152553230524063,"z":-0.04792850837111473,"w":0.8811444044113159},"size":2.224803924560547,"orthographic":false}