{"cameraMode":{"drawMode":0,"name":"Shaded","section":"Shading Mode"},"sceneLighting":false,"audioPlay":false,"sceneViewState":{"showFog":true,"showMaterialUpdate":true,"showSkybox":false,"showFlares":true,"showImageEffects":true,"showParticleSystems":true},"in2DMode":false,"pivot":{"x":0.0000011920928955078126,"y":0.13670143485069276,"z":0.007331386208534241},"rotation":{"x":0.06964270770549774,"y":0.7914426326751709,"z":-0.09182034432888031,"w":0.6002834439277649},"size":1.0826836824417115,"orthographic":true}