{"cameraMode":{"drawMode":0,"name":"Shaded","section":"Shading Mode"},"sceneLighting":false,"audioPlay":false,"sceneViewState":{"showFog":true,"showMaterialUpdate":true,"showSkybox":false,"showFlares":true,"showImageEffects":true,"showParticleSystems":true},"in2DMode":false,"pivot":{"x":-1.25,"y":1.4499999284744263,"z":0.10000026226043701},"rotation":{"x":0.021301373839378358,"y":0.8055657744407654,"z":-0.029011746868491174,"w":0.5914251208305359},"size":6.32619571685791,"orthographic":true}