{"cameraMode":{"drawMode":0,"name":"Shaded","section":"Shading Mode"},"sceneLighting":true,"audioPlay":false,"sceneViewState":{"showFog":true,"showMaterialUpdate":true,"showSkybox":true,"showFlares":true,"showImageEffects":true,"showParticleSystems":true},"in2DMode":false,"pivot":{"x":4.087912559509277,"y":2.1294922828674318,"z":-21.5423641204834},"rotation":{"x":0.46563610434532168,"y":0.5336853861808777,"z":-0.4804019033908844,"w":0.5172916650772095},"size":2.466125726699829,"orthographic":true}